Label,# Samples,Average,Median,90% Line,95% Line,99% Line,Min,Max,Error %,Throughput,Received KB/sec,Sent KB/sec
HTTP Request,1000,650,525,1514,1610,1910,2,1913,0.000%,224.06453,60.61,33.92
TOTAL,1000,650,525,1514,1610,1910,2,1913,0.000%,224.06453,60.61,33.92
